Date,Close
2010-11-30,19521.25
2010-12-01,19850.0
2010-12-02,19992.69921875
2010-12-03,19966.9296875
2010-12-06,19981.310546875
2010-12-07,19934.640625
2010-12-08,19696.48046875
2010-12-09,19242.359375
2010-12-10,19508.890625
2010-12-13,19691.779296875
2010-12-14,19799.189453125
2010-12-15,19647.76953125
2010-12-16,19864.849609375
2010-12-20,19888.880859375
2010-12-21,20060.3203125
2010-12-22,20015.80078125
2010-12-23,19982.880859375
2010-12-24,20073.66015625
2010-12-27,20028.9296875
2010-12-28,20025.419921875
2010-12-29,20256.029296875
2010-12-30,20389.0703125
2010-12-31,20509.08984375
2011-01-03,20561.05078125
2011-01-04,20498.720703125
2011-01-05,20301.099609375
2011-01-06,20184.740234375
2011-01-07,19691.810546875
2011-01-10,19224.119140625
2011-01-11,19196.33984375
2011-01-12,19534.099609375
2011-01-13,19182.8203125
2011-01-14,18860.439453125
2011-01-17,18882.25
2011-01-18,19092.05078125
2011-01-19,18978.3203125
2011-01-20,19046.5390625
2011-01-21,19007.529296875
2011-01-24,19151.279296875
2011-01-25,18969.44921875
2011-01-27,18684.4296875
2011-01-28,18395.970703125
2011-01-31,18327.759765625
2011-02-01,18022.220703125
2011-02-02,18090.619140625
2011-02-03,18449.310546875
2011-02-04,18008.150390625
2011-02-07,18037.189453125
2011-02-08,17775.69921875
2011-02-09,17592.76953125
2011-02-10,17463.0390625
2011-02-11,17728.609375
2011-02-14,18202.19921875
2011-02-15,18273.80078125
2011-02-16,18300.900390625
2011-02-17,18506.8203125
2011-02-18,18211.51953125
2011-02-21,18438.310546875
2011-02-22,18296.16015625
2011-02-23,18178.330078125
2011-02-24,17632.41015625
2011-02-25,17700.91015625
2011-02-28,17823.400390625
2011-03-01,18446.5
2011-03-03,18489.759765625
2011-03-04,18486.44921875
2011-03-07,18222.669921875
2011-03-08,18439.650390625
2011-03-09,18469.94921875
2011-03-10,18327.98046875
2011-03-11,18174.08984375
2011-03-14,18439.48046875
2011-03-15,18167.640625
2011-03-16,18358.689453125
2011-03-17,18149.869140625
2011-03-18,17878.810546875
2011-03-21,17839.05078125
2011-03-22,17988.30078125
2011-03-23,18206.16015625
2011-03-24,18350.740234375
2011-03-25,18815.640625
2011-03-28,18943.140625
2011-03-29,19120.80078125
2011-03-30,19290.1796875
2011-03-31,19445.220703125
2011-04-01,19420.390625
2011-04-04,19701.73046875
2011-04-05,19686.8203125
2011-04-06,19612.19921875
2011-04-07,19591.1796875
2011-04-08,19451.44921875
2011-04-11,19262.5390625
2011-04-13,19696.859375
2011-04-15,19386.8203125
2011-04-18,19091.169921875
2011-04-19,19121.830078125
2011-04-20,19470.98046875
2011-04-21,19602.23046875
2011-04-25,19584.310546875
2011-04-26,19545.349609375
2011-04-27,19448.689453125
2011-04-28,19292.01953125
2011-04-29,19135.9609375
2011-05-02,18998.01953125
2011-05-03,18534.689453125
2011-05-04,18469.359375
2011-05-05,18210.580078125
2011-05-06,18518.810546875
2011-05-09,18528.9609375
2011-05-10,18512.76953125
2011-05-11,18584.9609375
2011-05-12,18335.7890625
2011-05-13,18531.279296875
2011-05-16,18345.029296875
2011-05-17,18137.349609375
2011-05-18,18086.19921875
2011-05-19,18141.400390625
2011-05-20,18326.08984375
2011-05-23,17993.330078125
2011-05-24,18011.970703125
2011-05-25,17847.240234375
2011-05-26,18044.640625
2011-05-27,18266.099609375
2011-05-30,18232.060546875
2011-05-31,18503.279296875
2011-06-01,18608.810546875
2011-06-02,18494.1796875
2011-06-03,18376.48046875
2011-06-06,18420.109375
2011-06-07,18495.619140625
2011-06-08,18394.2890625
2011-06-09,18384.900390625
2011-06-10,18268.5390625
2011-06-13,18266.029296875
2011-06-14,18308.66015625
2011-06-15,18132.240234375
2011-06-16,17985.880859375
2011-06-17,17870.529296875
2011-06-20,17506.630859375
2011-06-21,17560.30078125
2011-06-22,17550.630859375
2011-06-23,17727.490234375
2011-06-24,18240.6796875
2011-06-27,18412.41015625
2011-06-28,18492.44921875
2011-06-29,18693.859375
2011-06-30,18845.869140625
2011-07-01,18762.80078125
2011-07-04,18814.48046875
2011-07-05,18744.560546875
2011-07-06,18726.970703125
2011-07-07,19078.30078125
2011-07-08,18858.0390625
2011-07-11,18721.390625
2011-07-12,18411.619140625
2011-07-13,18596.01953125
2011-07-14,18618.19921875
2011-07-15,18561.919921875
2011-07-18,18507.0390625
2011-07-19,18653.869140625
2011-07-20,18502.380859375
2011-07-21,18436.189453125
2011-07-22,18722.30078125
2011-07-25,18871.2890625
2011-07-26,18518.220703125
2011-07-27,18432.25
2011-07-28,18209.51953125
2011-07-29,18197.19921875
2011-08-01,18314.330078125
2011-08-02,18109.890625
2011-08-03,17940.55078125
2011-08-04,17693.1796875
2011-08-05,17305.869140625
2011-08-08,16990.1796875
2011-08-09,16857.91015625
2011-08-10,17130.509765625
2011-08-11,17059.400390625
2011-08-12,16839.630859375
2011-08-16,16730.939453125
2011-08-17,16840.80078125
2011-08-18,16469.7890625
2011-08-19,16141.669921875
2011-08-22,16341.7001953125
2011-08-23,16498.470703125
2011-08-24,16284.98046875
2011-08-25,16146.330078125
2011-08-26,15848.830078125
2011-08-29,16416.330078125
2011-08-30,16676.75
2011-09-02,16821.4609375
2011-09-05,16713.330078125
2011-09-06,16862.810546875
2011-09-07,17065.0
2011-09-08,17165.5390625
2011-09-09,16866.970703125
2011-09-12,16501.740234375
2011-09-13,16467.439453125
2011-09-14,16709.599609375
2011-09-15,16876.5390625
2011-09-16,16933.830078125
2011-09-19,16745.349609375
2011-09-20,17099.279296875
2011-09-21,17065.150390625
2011-09-22,16361.150390625
2011-09-23,16162.0595703125
2011-09-26,16051.099609375
2011-09-27,16524.029296875
2011-09-28,16446.01953125
2011-09-29,16698.0703125
2011-09-30,16453.759765625
2011-10-03,16151.4501953125
2011-10-04,15864.8603515625
2011-10-05,15792.41015625
2011-10-07,16232.5400390625
2011-10-10,16557.23046875
2011-10-11,16536.470703125
2011-10-12,16958.390625
2011-10-13,16883.919921875
2011-10-14,17082.689453125
2011-10-17,17025.08984375
2011-10-18,16748.2890625
2011-10-19,17085.33984375
2011-10-20,16936.890625
2011-10-21,16785.640625
2011-10-24,16939.279296875
2011-10-25,17254.859375
2011-10-28,17804.80078125
2011-10-31,17705.009765625
2011-11-01,17480.830078125
2011-11-02,17464.849609375
2011-11-03,17481.9296875
2011-11-04,17562.609375
2011-11-08,17569.529296875
2011-11-09,17362.099609375
2011-11-11,17192.8203125
2011-11-14,17118.740234375
2011-11-15,16882.669921875
2011-11-16,16775.869140625
2011-11-17,16461.7109375
2011-11-18,16371.509765625
2011-11-21,15946.099609375
2011-11-22,16065.419921875
2011-11-23,15699.9697265625
2011-11-24,15858.490234375
2011-11-25,15695.4296875
2011-11-28,16167.1298828125
2011-11-29,16008.33984375
2011-11-30,16123.4599609375
2011-12-01,16483.44921875
2011-12-02,16846.830078125
2011-12-05,16805.330078125
2011-12-07,16877.060546875
2011-12-08,16488.240234375
2011-12-09,16213.4599609375
2011-12-12,15870.349609375
2011-12-13,16002.509765625
2011-12-14,15881.1396484375
2011-12-15,15836.4697265625
2011-12-16,15491.349609375
2011-12-19,15379.33984375
2011-12-20,15175.080078125
2011-12-21,15685.2099609375
2011-12-22,15813.3603515625
2011-12-23,15738.7001953125
2011-12-26,15970.75
2011-12-27,15873.9501953125
2011-12-28,15727.849609375
2011-12-29,15543.9296875
2011-12-30,15454.919921875
2012-01-02,15705.21240234375
2012-01-03,15939.3603515625
2012-01-04,15882.6396484375
2012-01-05,15857.080078125
2012-01-06,15867.73046875
2012-01-09,15814.7197265625
2012-01-10,16165.08984375
2012-01-11,16175.8603515625
2012-01-12,16037.509765625
2012-01-13,16154.6201171875
2012-01-16,16189.3603515625
2012-01-17,16466.05078125
2012-01-18,16451.470703125
2012-01-19,16643.740234375
2012-01-20,16739.009765625
2012-01-23,16751.73046875
2012-01-24,16995.76953125
2012-01-25,17077.1796875
2012-01-27,17233.98046875
2012-01-30,16863.30078125
2012-01-31,17193.55078125
2012-02-01,17300.580078125
2012-02-02,17431.849609375
2012-02-03,17604.9609375
2012-02-06,17707.310546875
2012-02-07,17622.44921875
2012-02-08,17707.3203125
2012-02-09,17830.75
2012-02-10,17748.689453125
2012-02-13,17772.83984375
2012-02-14,17848.5703125
2012-02-15,18202.41015625
2012-02-16,18153.990234375
2012-02-17,18289.349609375
2012-02-21,18428.609375
2012-02-22,18145.25
2012-02-23,18078.5
2012-02-24,17923.5703125
2012-02-27,17445.75
2012-02-28,17731.119140625
2012-02-29,17752.6796875
2012-03-01,17583.970703125
2012-03-02,17636.80078125
2012-03-05,17362.869140625
2012-03-06,17173.2890625
2012-03-07,17145.51953125
2012-03-09,17503.240234375
2012-03-12,17587.669921875
2012-03-13,17813.619140625
2012-03-14,17919.30078125
2012-03-15,17675.849609375
2012-03-16,17466.19921875
2012-03-19,17273.369140625
2012-03-20,17316.1796875
2012-03-21,17601.7109375
2012-03-22,17196.470703125
2012-03-23,17361.740234375
2012-03-26,17052.779296875
2012-03-27,17257.359375
2012-03-28,17121.619140625
2012-03-29,17058.609375
2012-03-30,17404.19921875
2012-04-02,17478.150390625
2012-04-03,17597.419921875
2012-04-04,17486.01953125
2012-04-09,17222.140625
2012-04-10,17243.83984375
2012-04-11,17199.400390625
2012-04-12,17332.619140625
2012-04-13,17094.509765625
2012-04-16,17150.94921875
2012-04-17,17357.939453125
2012-04-18,17392.390625
2012-04-19,17503.7109375
2012-04-20,17373.83984375
2012-04-23,17096.6796875
2012-04-24,17207.2890625
2012-04-25,17151.2890625
2012-04-26,17130.669921875
2012-04-27,17134.25
2012-04-30,17318.810546875
2012-05-02,17301.91015625
2012-05-03,17151.189453125
2012-05-04,16831.080078125
2012-05-07,16912.7109375
2012-05-08,16546.1796875
2012-05-09,16479.580078125
2012-05-10,16420.05078125
2012-05-11,16292.98046875
2012-05-14,16215.83984375
2012-05-15,16328.25
2012-05-16,16030.08984375
2012-05-17,16070.48046875
2012-05-18,16152.75
2012-05-21,16183.259765625
2012-05-22,16026.41015625
2012-05-23,15948.099609375
2012-05-24,16222.2998046875
2012-05-25,16217.8203125
2012-05-28,16416.83984375
2012-05-29,16438.580078125
2012-05-30,16312.150390625
2012-05-31,16218.5302734375
2012-06-01,15965.16015625
2012-06-04,15988.400390625
2012-06-05,16020.6396484375
2012-06-06,16454.30078125
2012-06-07,16649.05078125
2012-06-08,16718.869140625
2012-06-11,16668.009765625
2012-06-12,16862.80078125
2012-06-13,16880.509765625
2012-06-14,16677.880859375
2012-06-15,16949.830078125
2012-06-18,16705.830078125
2012-06-19,16859.80078125
2012-06-20,16896.630859375
2012-06-21,17032.560546875
2012-06-22,16972.509765625
2012-06-25,16882.16015625
2012-06-26,16906.580078125
2012-06-27,16967.759765625
2012-06-28,16990.759765625
2012-06-29,17429.98046875
2012-07-02,17398.98046875
2012-07-03,17425.7109375
2012-07-04,17462.810546875
2012-07-05,17538.669921875
2012-07-06,17521.119140625
2012-07-09,17391.98046875
2012-07-10,17618.349609375
2012-07-11,17489.140625
2012-07-12,17232.55078125
2012-07-13,17213.69921875
2012-07-16,17103.310546875
2012-07-17,17105.30078125
2012-07-18,17185.009765625
2012-07-19,17278.849609375
2012-07-20,17158.439453125
2012-07-23,16877.349609375
2012-07-24,16918.080078125
2012-07-25,16846.05078125
2012-07-26,16639.8203125
2012-07-27,16839.189453125
2012-07-30,17143.6796875
2012-07-31,17236.1796875
2012-08-01,17257.380859375
2012-08-02,17224.359375
2012-08-03,17197.9296875
2012-08-06,17412.9609375
2012-08-07,17601.779296875
2012-08-08,17600.560546875
2012-08-09,17560.869140625
2012-08-10,17557.740234375
2012-08-13,17633.44921875
2012-08-14,17728.19921875
2012-08-16,17657.2109375
2012-08-17,17691.080078125
2012-08-21,17885.259765625
2012-08-22,17846.859375
2012-08-23,17850.220703125
2012-08-24,17783.2109375
2012-08-27,17678.810546875
2012-08-28,17631.7109375
2012-08-29,17490.810546875
2012-08-30,17541.640625
2012-08-31,17380.75
2012-09-03,17384.400390625
2012-09-04,17440.869140625
2012-09-05,17313.33984375
2012-09-06,17346.26953125
2012-09-07,17683.73046875
2012-09-10,17766.779296875
2012-09-11,17852.94921875
2012-09-12,18000.029296875
2012-09-13,18021.16015625
2012-09-14,18464.26953125
2012-09-17,18542.310546875
2012-09-18,18496.009765625
2012-09-20,18349.25
2012-09-21,18752.830078125
2012-09-24,18673.33984375
2012-09-25,18694.41015625
2012-09-26,18632.169921875
2012-09-27,18579.5
2012-09-28,18762.740234375
2012-10-01,18823.91015625
2012-10-03,18869.689453125
2012-10-04,19058.150390625
2012-10-05,18938.4609375
2012-10-08,18708.98046875
2012-10-09,18793.359375
2012-10-10,18631.099609375
2012-10-11,18804.75
2012-10-12,18675.1796875
2012-10-15,18713.55078125
2012-10-16,18577.69921875
2012-10-17,18610.76953125
2012-10-18,18791.9296875
2012-10-19,18682.310546875
2012-10-22,18793.439453125
2012-10-23,18710.01953125
2012-10-25,18758.630859375
2012-10-29,18635.8203125
2012-10-30,18430.849609375
2012-10-31,18505.380859375
2012-11-01,18561.69921875
2012-11-02,18755.44921875
2012-11-05,18762.869140625
2012-11-06,18817.380859375
2012-11-07,18902.41015625
2012-11-08,18846.259765625
2012-11-09,18683.6796875
2012-11-12,18670.33984375
2012-11-15,18471.369140625
2012-11-16,18309.369140625
2012-11-19,18339.0
2012-11-20,18329.3203125
2012-11-21,18460.380859375
2012-11-22,18517.33984375
2012-11-23,18506.5703125
2012-11-26,18537.009765625
2012-11-27,18842.080078125
2012-11-29,19170.91015625
2012-11-30,19339.900390625
2012-12-03,19305.3203125
2012-12-04,19348.119140625
2012-12-05,19391.859375
2012-12-06,19486.80078125
2012-12-07,19424.099609375
2012-12-10,19409.689453125
2012-12-11,19387.140625
2012-12-12,19355.259765625
2012-12-13,19229.259765625
2012-12-14,19317.25
2012-12-17,19244.419921875
2012-12-18,19364.75
2012-12-19,19476.0
2012-12-20,19453.919921875
2012-12-21,19242.0
2012-12-24,19255.08984375
2012-12-26,19417.4609375
2012-12-27,19323.80078125
2012-12-28,19444.83984375
2012-12-31,19426.7109375
2013-01-01,19587.642578125
2013-01-02,19714.240234375
2013-01-03,19764.779296875
2013-01-04,19784.080078125
2013-01-07,19691.419921875
2013-01-08,19742.51953125
2013-01-09,19666.58984375
2013-01-10,19663.55078125
2013-01-11,19663.640625
2013-01-14,19906.41015625
2013-01-15,19986.8203125
2013-01-16,19817.630859375
2013-01-17,19964.029296875
2013-01-18,20039.0390625
2013-01-21,20101.8203125
2013-01-22,19981.5703125
2013-01-23,20026.609375
2013-01-24,19923.779296875
2013-01-25,20103.529296875
2013-01-28,20103.349609375
2013-01-29,19990.900390625
2013-01-30,20005.0
2013-01-31,19894.98046875
2013-02-01,19781.189453125
2013-02-04,19751.189453125
2013-02-05,19659.8203125
2013-02-06,19639.720703125
2013-02-07,19580.3203125
2013-02-08,19484.76953125
2013-02-11,19460.5703125
2013-02-12,19561.0390625
2013-02-13,19608.080078125
2013-02-14,19497.1796875
2013-02-15,19468.150390625
2013-02-18,19501.080078125
2013-02-19,19635.720703125
2013-02-20,19642.75
2013-02-21,19325.359375
2013-02-22,19317.009765625
2013-02-25,19331.689453125
2013-02-26,19015.140625
2013-02-27,19152.41015625
2013-02-28,18861.5390625
2013-03-01,18918.51953125
2013-03-04,18877.9609375
2013-03-05,19143.169921875
2013-03-06,19252.609375
2013-03-07,19413.5390625
2013-03-08,19683.23046875
2013-03-11,19646.2109375
2013-03-12,19564.919921875
2013-03-13,19362.55078125
2013-03-14,19570.439453125
2013-03-15,19427.560546875
2013-03-18,19293.19921875
2013-03-19,19008.099609375
2013-03-20,18884.189453125
2013-03-21,18792.869140625
2013-03-22,18735.599609375
2013-03-25,18681.419921875
2013-03-26,18704.529296875
2013-03-28,18835.76953125
2013-04-01,18864.75
2013-04-02,19040.94921875
2013-04-03,18801.640625
2013-04-04,18509.69921875
2013-04-05,18450.23046875
2013-04-08,18437.779296875
2013-04-09,18226.48046875
2013-04-10,18414.44921875
2013-04-11,18542.19921875
2013-04-12,18242.560546875
2013-04-15,18357.80078125
2013-04-16,18744.9296875
2013-04-17,18731.16015625
2013-04-18,19016.4609375
2013-04-22,19169.830078125
2013-04-23,19179.359375
2013-04-25,19406.849609375
2013-04-26,19286.720703125
2013-04-29,19387.5
2013-04-30,19504.1796875
2013-05-02,19735.76953125
2013-05-03,19575.640625
2013-05-06,19673.640625
2013-05-07,19888.94921875
2013-05-08,19990.1796875
2013-05-09,19939.0390625
2013-05-10,20082.619140625
2013-05-13,19691.669921875
2013-05-14,19722.2890625
2013-05-15,20212.9609375
2013-05-16,20247.330078125
2013-05-17,20286.119140625
2013-05-20,20223.98046875
2013-05-21,20111.609375
2013-05-22,20062.240234375
2013-05-23,19674.330078125
2013-05-24,19704.330078125
2013-05-27,20030.76953125
2013-05-28,20160.8203125
2013-05-29,20147.640625
2013-05-30,20215.400390625
2013-05-31,19760.30078125
2013-06-03,19610.48046875
2013-06-04,19545.779296875
2013-06-05,19568.220703125
2013-06-06,19519.490234375
2013-06-07,19429.23046875
2013-06-10,19441.0703125
2013-06-11,19143.0
2013-06-12,19041.130859375
2013-06-13,18827.16015625
2013-06-14,19177.9296875
2013-06-17,19325.869140625
2013-06-18,19223.279296875
2013-06-19,19245.69921875
2013-06-20,18719.2890625
2013-06-21,18774.240234375
2013-06-24,18540.890625
2013-06-25,18629.150390625
2013-06-26,18552.119140625
2013-06-27,18875.94921875
2013-06-28,19395.810546875
2013-07-01,19577.390625
2013-07-02,19463.8203125
2013-07-03,19177.759765625
2013-07-04,19410.83984375
2013-07-05,19495.8203125
2013-07-08,19324.76953125
2013-07-09,19439.48046875
2013-07-10,19294.119140625
2013-07-11,19676.060546875
2013-07-12,19958.470703125
2013-07-15,20034.48046875
2013-07-16,19851.23046875
2013-07-17,19948.73046875
2013-07-18,20128.41015625
2013-07-19,20149.849609375
2013-07-22,20159.119140625
2013-07-23,20302.130859375
2013-07-24,20090.6796875
2013-07-25,19804.759765625
2013-07-26,19748.189453125
2013-07-29,19593.279296875
2013-07-30,19348.33984375
2013-07-31,19345.69921875
2013-08-01,19317.189453125
2013-08-02,19164.01953125
2013-08-05,19182.259765625
2013-08-06,18733.0390625
2013-08-07,18664.880859375
2013-08-08,18789.33984375
2013-08-12,18946.98046875
2013-08-13,19229.83984375
2013-08-14,19367.58984375
2013-08-16,18598.1796875
2013-08-19,18307.51953125
2013-08-20,18246.0390625
2013-08-21,17905.91015625
2013-08-22,18312.939453125
2013-08-23,18519.439453125
2013-08-26,18558.130859375
2013-08-27,17968.080078125
2013-08-28,17996.150390625
2013-08-29,18401.0390625
2013-08-30,18619.720703125
2013-09-02,18886.130859375
2013-09-03,18234.66015625
2013-09-04,18567.55078125
2013-09-05,18979.759765625
2013-09-06,19270.060546875
2013-09-10,19997.099609375
2013-09-11,19997.44921875
2013-09-12,19781.880859375
2013-09-13,19732.759765625
2013-09-16,19742.470703125
2013-09-17,19804.029296875
2013-09-18,19962.16015625
2013-09-19,20646.640625
2013-09-20,20263.7109375
2013-09-23,19900.9609375
2013-09-24,19920.2109375
2013-09-25,19856.240234375
2013-09-26,19893.849609375
2013-09-27,19727.26953125
2013-09-30,19379.76953125
2013-10-01,19517.150390625
2013-10-03,19902.0703125
2013-10-04,19915.94921875
2013-10-07,19895.099609375
2013-10-08,19983.609375
2013-10-09,20249.259765625
2013-10-10,20272.91015625
2013-10-11,20528.58984375
2013-10-14,20607.5390625
2013-10-15,20547.619140625
2013-10-17,20415.509765625
2013-10-18,20882.890625
2013-10-21,20893.890625
2013-10-22,20864.970703125
2013-10-23,20767.880859375
2013-10-24,20725.4296875
2013-10-25,20683.51953125
2013-10-28,20570.279296875
2013-10-29,20929.009765625
2013-10-30,21033.970703125
2013-10-31,21164.51953125
2013-11-01,21196.810546875
2013-11-05,20974.7890625
2013-11-06,20894.939453125
2013-11-07,20822.76953125
2013-11-08,20666.150390625
2013-11-11,20490.9609375
2013-11-12,20281.91015625
2013-11-13,20194.400390625
2013-11-14,20399.419921875
2013-11-18,20850.740234375
2013-11-19,20890.8203125
2013-11-20,20635.130859375
2013-11-21,20229.05078125
2013-11-22,20217.390625
2013-11-25,20605.080078125
2013-11-26,20425.01953125
2013-11-27,20420.259765625
2013-11-28,20534.91015625
2013-11-29,20791.9296875
2013-12-02,20898.009765625
2013-12-03,20854.919921875
2013-12-04,20708.7109375
2013-12-05,20957.810546875
2013-12-06,20996.529296875
2013-12-09,21326.419921875
2013-12-10,21255.259765625
2013-12-11,21171.41015625
2013-12-12,20925.609375
2013-12-13,20715.580078125
2013-12-16,20659.51953125
2013-12-17,20612.140625
2013-12-18,20859.859375
2013-12-19,20708.619140625
2013-12-20,21079.720703125
2013-12-23,21101.029296875
2013-12-24,21032.7109375
2013-12-26,21074.58984375
2013-12-27,21193.580078125
2013-12-30,21143.009765625
2013-12-31,21170.6796875
2014-01-01,21140.48046875
2014-01-02,20888.330078125
2014-01-03,20851.330078125
2014-01-06,20787.30078125
2014-01-07,20693.240234375
2014-01-08,20729.380859375
2014-01-09,20713.369140625
2014-01-10,20758.490234375
2014-01-13,21134.2109375
2014-01-14,21032.880859375
2014-01-15,21289.490234375
2014-01-16,21265.1796875
2014-01-17,21063.619140625
2014-01-20,21205.05078125
2014-01-21,21251.119140625
2014-01-22,21337.669921875
2014-01-23,21373.66015625
2014-01-24,21133.560546875
2014-01-27,20707.44921875
2014-01-28,20683.509765625
2014-01-29,20647.30078125
2014-01-30,20498.25
2014-01-31,20513.849609375
2014-02-03,20209.259765625
2014-02-04,20211.9296875
2014-02-05,20261.029296875
2014-02-06,20310.740234375
2014-02-07,20376.560546875
2014-02-10,20334.26953125
2014-02-11,20363.369140625
2014-02-12,20448.490234375
2014-02-13,20193.349609375
2014-02-14,20366.8203125
2014-02-17,20464.060546875
2014-02-18,20634.2109375
2014-02-19,20722.970703125
2014-02-20,20536.640625
2014-02-21,20700.75
2014-02-24,20811.439453125
2014-02-25,20852.470703125
2014-02-26,20986.990234375
2014-02-28,21120.119140625
2014-03-03,20946.650390625
2014-03-04,21209.73046875
2014-03-05,21276.859375
2014-03-06,21513.869140625
2014-03-07,21919.7890625
2014-03-10,21934.830078125
2014-03-11,21826.419921875
2014-03-12,21856.220703125
2014-03-13,21774.609375
2014-03-14,21809.80078125
2014-03-18,21832.609375
2014-03-19,21832.859375
2014-03-20,21740.08984375
2014-03-21,21753.75
2014-03-24,22055.48046875
2014-03-25,22055.2109375
2014-03-26,22095.30078125
2014-03-27,22214.369140625
2014-03-28,22339.970703125
2014-03-31,22386.26953125
2014-04-01,22446.439453125
2014-04-02,22551.490234375
2014-04-03,22509.0703125
2014-04-04,22359.5
2014-04-07,22343.44921875
2014-04-09,22702.33984375
2014-04-10,22715.330078125
2014-04-11,22628.9609375
2014-04-15,22484.9296875
2014-04-16,22277.23046875
2014-04-17,22628.83984375
2014-04-21,22764.830078125
2014-04-22,22758.369140625
2014-04-23,22876.5390625
2014-04-24,22738.64697265625
2014-04-25,22688.0703125
2014-04-28,22631.609375
2014-04-29,22466.189453125
2014-04-30,22417.80078125
2014-05-02,22403.890625
2014-05-05,22445.119140625
2014-05-06,22508.419921875
2014-05-07,22323.900390625
2014-05-08,22344.0390625
2014-05-09,22994.23046875
2014-05-12,23551.0
2014-05-13,23871.23046875
2014-05-14,23815.119140625
2014-05-15,23905.599609375
2014-05-16,24121.740234375
2014-05-19,24363.05078125
2014-05-20,24376.880859375
2014-05-21,24298.01953125
2014-05-22,24374.400390625
2014-05-23,24693.349609375
2014-05-26,24716.880859375
2014-05-27,24549.509765625
2014-05-28,24556.08984375
2014-05-29,24234.150390625
2014-05-30,24217.33984375
2014-06-02,24684.849609375
2014-06-03,24858.58984375
2014-06-04,24805.830078125
2014-06-05,25019.509765625
2014-06-06,25396.4609375
2014-06-09,25580.2109375
2014-06-10,25583.689453125
2014-06-11,25473.890625
2014-06-12,25576.2109375
2014-06-13,25228.169921875
2014-06-16,25190.48046875
2014-06-17,25521.189453125
2014-06-18,25246.25
2014-06-19,25201.80078125
2014-06-20,25105.509765625
2014-06-23,25031.3203125
2014-06-24,25368.900390625
2014-06-25,25313.740234375
2014-06-26,25062.669921875
2014-06-27,25099.919921875
2014-06-30,25413.779296875
2014-07-01,25516.349609375
2014-07-02,25841.2109375
2014-07-03,25823.75
2014-07-04,25962.060546875
2014-07-07,26100.080078125
2014-07-08,25582.109375
2014-07-09,25444.810546875
2014-07-10,25372.75
2014-07-11,25024.349609375
2014-07-14,25006.98046875
2014-07-15,25228.650390625
2014-07-16,25549.720703125
2014-07-17,25561.16015625
2014-07-18,25641.560546875
2014-07-21,25715.169921875
2014-07-22,26025.80078125
2014-07-23,26147.330078125
2014-07-24,26271.849609375
2014-07-25,26126.75
2014-07-28,25991.23046875
2014-07-30,26087.419921875
2014-07-31,25894.970703125
2014-08-01,25480.83984375
2014-08-04,25723.16015625
2014-08-05,25908.009765625
2014-08-06,25665.26953125
2014-08-07,25589.009765625
2014-08-08,25329.140625
2014-08-11,25519.240234375
2014-08-12,25880.76953125
2014-08-13,25918.94921875
2014-08-14,26103.23046875
2014-08-18,26390.9609375
2014-08-19,26420.669921875
2014-08-20,26314.2890625
2014-08-21,26360.109375
2014-08-22,26419.55078125
2014-08-25,26437.01953125
2014-08-26,26442.810546875
2014-08-27,26560.150390625
2014-08-28,26638.109375
2014-09-01,26867.55078125
2014-09-02,27019.390625
2014-09-03,27139.939453125
2014-09-04,27085.9296875
2014-09-05,27026.69921875
2014-09-08,27319.849609375
2014-09-09,27265.3203125
2014-09-10,27057.41015625
2014-09-11,26995.869140625
2014-09-12,27061.0390625
2014-09-15,26816.560546875
2014-09-16,26492.509765625
2014-09-17,26631.2890625
2014-09-18,27112.2109375
2014-09-19,27090.419921875
2014-09-22,27206.740234375
2014-09-23,26775.689453125
2014-09-24,26744.689453125
2014-09-25,26468.359375
2014-09-26,26626.3203125
2014-09-29,26597.109375
2014-09-30,26630.509765625
2014-10-01,26567.990234375
2014-10-07,26271.970703125
2014-10-08,26246.7890625
2014-10-09,26637.279296875
2014-10-10,26297.380859375
2014-10-13,26384.0703125
2014-10-14,26349.330078125
2014-10-15,26210.3173828125
2014-10-16,25999.33984375
2014-10-17,26108.529296875
2014-10-20,26429.849609375
2014-10-21,26575.650390625
2014-10-22,26787.23046875
2014-10-27,26752.900390625
2014-10-28,26880.8203125
2014-10-29,27098.169921875
2014-10-30,27346.330078125
2014-10-31,27865.830078125
2014-11-03,27860.380859375
2014-11-05,27915.880859375
2014-11-07,27868.630859375
2014-11-10,27874.73046875
2014-11-11,27910.060546875
2014-11-12,28008.900390625
2014-11-13,27940.640625
2014-11-14,28046.66015625
2014-11-17,28177.880859375
2014-11-18,28163.2890625
2014-11-19,28032.849609375
2014-11-20,28067.560546875
2014-11-21,28334.630859375
2014-11-24,28499.5390625
2014-11-25,28338.05078125
2014-11-26,28386.189453125
2014-11-27,28438.91015625
2014-11-28,28693.990234375
2014-12-01,28559.619140625
2014-12-02,28444.009765625
2014-12-03,28442.7109375
2014-12-04,28562.8203125
2014-12-05,28458.099609375
2014-12-08,28119.400390625
2014-12-09,27797.009765625
2014-12-10,27831.099609375
2014-12-11,27602.009765625
2014-12-12,27350.6796875
2014-12-15,27319.560546875
2014-12-16,26781.439453125
2014-12-17,26710.130859375
2014-12-18,27126.5703125
2014-12-19,27371.83984375
2014-12-22,27701.7890625
2014-12-23,27506.4609375
2014-12-24,27208.609375
2014-12-26,20529.65234375
2014-12-29,25660.30517578125
2014-12-30,27403.5390625
2014-12-31,27499.419921875
2015-01-01,27658.294921875
2015-01-02,27887.900390625
2015-01-05,27842.3203125
2015-01-06,26987.4609375
2015-01-07,26908.8203125
2015-01-08,27274.7109375
2015-01-09,27458.380859375
2015-01-12,27585.26953125
2015-01-13,27425.73046875
2015-01-14,27346.8203125
2015-01-15,28075.55078125
2015-01-16,28121.890625
2015-01-19,28262.009765625
2015-01-20,28784.669921875
2015-01-21,28888.859375
2015-01-22,29006.01953125
2015-01-23,29278.83984375
2015-01-27,29571.0390625
2015-01-28,29559.1796875
2015-01-29,29681.76953125
2015-01-30,29182.94921875
2015-02-02,29122.26953125
2015-02-03,29000.140625
2015-02-04,28883.109375
2015-02-05,28850.970703125
2015-02-06,28717.91015625
2015-02-09,28227.390625
2015-02-10,28355.619140625
2015-02-11,28533.970703125
2015-02-12,28805.099609375
2015-02-13,29094.9296875
2015-02-16,29135.880859375
2015-02-18,29320.259765625
2015-02-19,29462.26953125
2015-02-20,29231.41015625
2015-02-23,28975.109375
2015-02-24,29004.66015625
2015-02-25,29007.990234375
2015-02-26,28746.650390625
2015-02-27,29220.119140625
2015-03-02,29459.140625
2015-03-03,29593.73046875
2015-03-04,29380.73046875
2015-03-05,29448.94921875
2015-03-09,28844.779296875
2015-03-10,28709.869140625
2015-03-11,28659.169921875
2015-03-12,28930.41015625
2015-03-13,28503.30078125
2015-03-16,28437.7109375
2015-03-17,28736.380859375
2015-03-18,28622.119140625
2015-03-19,28469.669921875
2015-03-20,28261.080078125
2015-03-23,28192.01953125
2015-03-24,28161.720703125
2015-03-25,28111.830078125
2015-03-26,27457.580078125
2015-03-27,27458.640625
2015-03-30,27975.859375
2015-03-31,27957.490234375
2015-04-01,28260.140625
2015-04-06,28504.4609375
2015-04-07,28516.58984375
2015-04-08,28707.75
2015-04-09,28885.2109375
2015-04-10,28879.380859375
2015-04-13,29044.439453125
2015-04-15,28799.689453125
2015-04-16,28666.0390625
2015-04-17,28442.099609375
2015-04-20,27886.2109375
2015-04-21,27676.0390625
2015-04-22,27890.130859375
2015-04-23,27735.01953125
2015-04-24,27437.939453125
2015-04-27,27176.990234375
2015-04-28,27396.380859375
2015-04-29,27225.9296875
2015-04-30,27011.310546875
2015-05-04,27490.58984375
2015-05-05,27440.140625
2015-05-06,26717.369140625
2015-05-07,26599.109375
2015-05-08,27105.390625
2015-05-11,27507.30078125
2015-05-12,26877.48046875
2015-05-13,27251.099609375
2015-05-14,27206.060546875
2015-05-15,27324.0
2015-05-18,27687.30078125
2015-05-19,27645.529296875
2015-05-20,27837.2109375
2015-05-21,27809.349609375
2015-05-22,27957.5
2015-05-25,27643.880859375
2015-05-26,27531.41015625
2015-05-27,27564.66015625
2015-05-28,27506.7109375
2015-05-29,27828.439453125
2015-06-01,27848.990234375
2015-06-02,27188.380859375
2015-06-03,26837.19921875
2015-06-04,26813.419921875
2015-06-05,26768.490234375
2015-06-08,26523.08984375
2015-06-09,26481.25
2015-06-10,26840.5
2015-06-11,26370.98046875
2015-06-12,26425.30078125
2015-06-15,26586.55078125
2015-06-16,26686.509765625
2015-06-17,26832.66015625
2015-06-18,27115.830078125
2015-06-19,27316.169921875
2015-06-22,27730.2109375
2015-06-23,27804.369140625
2015-06-24,27729.669921875
2015-06-25,27895.970703125
2015-06-26,27811.83984375
2015-06-29,27645.150390625
2015-06-30,27780.830078125
2015-07-01,28020.869140625
2015-07-02,27945.80078125
2015-07-03,28092.7890625
2015-07-06,28208.759765625
2015-07-07,28171.689453125
2015-07-08,27687.720703125
2015-07-09,27573.66015625
2015-07-10,27661.400390625
2015-07-13,27961.189453125
2015-07-14,27932.900390625
2015-07-15,28198.2890625
2015-07-16,28446.119140625
2015-07-17,28463.310546875
2015-07-20,28420.119140625
2015-07-21,28182.140625
2015-07-22,28504.9296875
2015-07-23,28370.83984375
2015-07-24,28112.310546875
2015-07-27,27561.380859375
2015-07-28,27459.23046875
2015-07-29,27563.4296875
2015-07-30,27705.349609375
2015-07-31,28114.560546875
2015-08-03,28187.060546875
2015-08-04,28071.9296875
2015-08-05,28223.080078125
2015-08-06,28298.130859375
2015-08-07,28236.390625
2015-08-10,28101.720703125
2015-08-11,27866.08984375
2015-08-12,27512.259765625
2015-08-13,27549.529296875
2015-08-14,28067.310546875
2015-08-17,27878.26953125
2015-08-18,27831.5390625
2015-08-19,27931.640625
2015-08-20,27607.8203125
2015-08-21,27366.0703125
2015-08-24,25741.560546875
2015-08-25,26032.380859375
2015-08-26,25714.66015625
2015-08-27,26231.189453125
2015-08-28,26392.380859375
2015-08-31,26283.08984375
2015-09-01,25696.439453125
2015-09-02,25453.560546875
2015-09-03,25764.779296875
2015-09-04,25201.900390625
2015-09-07,24893.810546875
2015-09-08,25317.869140625
2015-09-09,25719.580078125
2015-09-10,25622.169921875
2015-09-11,25610.2109375
2015-09-14,25856.69921875
2015-09-15,25705.9296875
2015-09-16,25963.970703125
2015-09-18,26218.91015625
2015-09-21,26192.98046875
2015-09-22,25651.83984375
2015-09-23,25822.990234375
2015-09-24,25863.5
2015-09-28,25616.83984375
2015-09-29,25778.66015625
2015-09-30,26154.830078125
2015-10-01,26220.94921875
2015-10-05,26785.55078125
2015-10-06,26932.880859375
2015-10-07,27035.849609375
2015-10-08,26845.810546875
2015-10-09,27079.509765625
2015-10-12,26904.109375
2015-10-13,26846.529296875
2015-10-14,26779.66015625
2015-10-15,27010.140625
2015-10-16,27214.599609375
2015-10-19,27364.919921875
2015-10-20,27306.830078125
2015-10-21,27287.66015625
2015-10-23,27470.810546875
2015-10-26,27361.9609375
2015-10-27,27253.439453125
2015-10-28,27039.759765625
2015-10-29,26838.140625
2015-10-30,26656.830078125
2015-11-02,26559.150390625
2015-11-03,26590.58984375
2015-11-04,26552.919921875
2015-11-05,26304.19921875
2015-11-06,26265.240234375
2015-11-09,26121.400390625
2015-11-10,25743.259765625
2015-11-13,25610.529296875
2015-11-16,25760.099609375
2015-11-17,25864.470703125
2015-11-18,25482.51953125
2015-11-19,25841.919921875
2015-11-20,25868.490234375
2015-11-23,25819.33984375
2015-11-24,25775.740234375
2015-11-26,25958.630859375
2015-11-27,26128.19921875
2015-11-30,26145.669921875
2015-12-01,26169.41015625
2015-12-02,26117.849609375
2015-12-03,25886.619140625
2015-12-04,25638.109375
2015-12-07,25530.109375
2015-12-08,25310.330078125
2015-12-09,25036.05078125
2015-12-10,25252.3203125
2015-12-11,25044.4296875
2015-12-14,25150.349609375
2015-12-15,25320.439453125
2015-12-16,25494.369140625
2015-12-17,25803.779296875
2015-12-18,25519.220703125
2015-12-21,25735.900390625
2015-12-22,25590.650390625
2015-12-23,25850.30078125
2015-12-24,25838.7109375
2015-12-28,26034.130859375
2015-12-29,26079.48046875
2015-12-30,25960.029296875
2015-12-31,26117.5390625
2016-01-01,25820.314453125
2016-01-04,25623.349609375
2016-01-05,25580.33984375
2016-01-06,25406.330078125
2016-01-07,24851.830078125
2016-01-08,24934.330078125
2016-01-11,24825.0390625
2016-01-12,24682.029296875
2016-01-13,24854.109375
2016-01-14,24772.970703125
2016-01-15,24455.0390625
2016-01-18,24188.369140625
2016-01-19,24479.83984375
2016-01-20,24062.0390625
2016-01-21,23962.2109375
2016-01-22,24435.66015625
2016-01-25,24485.94921875
2016-01-27,24492.390625
2016-01-28,24469.5703125
2016-01-29,24870.689453125
2016-02-01,24824.830078125
2016-02-02,24539.0
2016-02-03,24223.3203125
2016-02-04,24338.4296875
2016-02-05,24616.970703125
2016-02-08,24287.419921875
2016-02-09,24020.98046875
2016-02-10,23758.900390625
2016-02-11,22951.830078125
2016-02-12,22986.119140625
2016-02-15,23554.119140625
2016-02-16,23191.970703125
2016-02-17,23381.869140625
2016-02-18,23649.220703125
2016-02-19,23709.150390625
2016-02-22,23788.7890625
2016-02-23,23410.1796875
2016-02-24,23088.9296875
2016-02-25,22976.0
2016-02-26,23154.30078125
2016-02-29,23002.0
2016-03-01,23779.349609375
2016-03-02,24242.98046875
2016-03-03,24606.990234375
2016-03-04,24646.48046875
2016-03-08,24659.23046875
2016-03-09,24793.9609375
2016-03-10,24623.33984375
2016-03-11,24717.990234375
2016-03-14,24804.279296875
2016-03-15,24551.169921875
2016-03-16,24682.48046875
2016-03-17,24677.369140625
2016-03-18,24952.740234375
2016-03-21,25285.369140625
2016-03-22,25330.490234375
2016-03-23,25337.560546875
2016-03-28,24966.400390625
2016-03-29,24900.4609375
2016-03-30,25338.580078125
2016-03-31,25341.859375
2016-04-01,25269.640625
2016-04-04,25399.650390625
2016-04-05,24883.58984375
2016-04-06,24900.630859375
2016-04-07,24685.419921875
2016-04-08,24673.83984375
2016-04-11,25022.16015625
2016-04-12,25145.58984375
2016-04-13,25626.75
2016-04-18,25816.359375
2016-04-20,25844.1796875
2016-04-21,25880.380859375
2016-04-22,25838.140625
2016-04-25,25678.9296875
2016-04-26,26007.30078125
2016-04-27,26064.119140625
2016-04-28,25603.099609375
2016-04-29,25606.619140625
2016-05-02,25436.970703125
2016-05-03,25229.69921875
2016-05-04,25101.73046875
2016-05-05,25262.2109375
2016-05-06,25228.5
2016-05-09,25688.859375
2016-05-10,25772.529296875
2016-05-11,25597.01953125
2016-05-12,25790.220703125
2016-05-13,25489.5703125
2016-05-16,25653.23046875
2016-05-17,25773.609375
2016-05-18,25704.609375
2016-05-19,25399.720703125
2016-05-20,25301.900390625
2016-05-23,25230.359375
2016-05-24,25305.470703125
2016-05-25,25881.169921875
2016-05-26,26366.6796875
2016-05-27,26653.599609375
2016-05-30,26725.599609375
2016-05-31,26667.9609375
2016-06-01,26713.9296875
2016-06-02,26843.140625
2016-06-03,26843.029296875
2016-06-06,26777.44921875
2016-06-07,27009.669921875
2016-06-08,27020.66015625
2016-06-09,26763.4609375
2016-06-10,26635.75
2016-06-13,26396.76953125
2016-06-14,26395.7109375
2016-06-15,26726.33984375
2016-06-16,26525.4609375
2016-06-17,26625.91015625
2016-06-20,26866.919921875
2016-06-21,26812.779296875
2016-06-22,26765.650390625
2016-06-23,27002.220703125
2016-06-24,26397.7109375
2016-06-27,26402.9609375
2016-06-28,26524.55078125
2016-06-29,26740.390625
2016-06-30,26999.720703125
2016-07-01,27144.91015625
2016-07-04,27278.759765625
2016-07-05,27166.869140625
2016-07-07,27201.490234375
2016-07-08,27126.900390625
2016-07-11,27626.689453125
2016-07-12,27808.140625
2016-07-13,27815.1796875
2016-07-14,27942.109375
2016-07-15,27836.5
2016-07-18,27746.66015625
2016-07-19,27787.619140625
2016-07-20,27915.890625
2016-07-21,27710.51953125
2016-07-22,27803.240234375
2016-07-25,28095.33984375
2016-07-26,27976.51953125
2016-07-27,28024.330078125
2016-07-28,28208.619140625
2016-07-29,28051.859375
2016-08-01,28003.119140625
2016-08-02,27981.7109375
2016-08-03,27697.509765625
2016-08-04,27714.369140625
2016-08-05,28078.349609375
2016-08-08,28182.5703125
2016-08-09,28085.16015625
2016-08-10,27774.880859375
2016-08-11,27859.599609375
2016-08-12,28152.400390625
2016-08-16,28064.609375
2016-08-17,28005.369140625
2016-08-18,28123.439453125
2016-08-19,28077.0
2016-08-22,27985.5390625
2016-08-23,27990.2109375
2016-08-24,28059.939453125
2016-08-25,27835.91015625
2016-08-26,27782.25
2016-08-29,27902.66015625
2016-08-30,28343.009765625
2016-08-31,28452.169921875
2016-09-01,28423.48046875
2016-09-02,28532.109375
2016-09-06,28978.01953125
2016-09-07,28926.359375
2016-09-08,29045.279296875
2016-09-09,28797.25
2016-09-12,28353.5390625
2016-09-14,28372.23046875
2016-09-15,28412.890625
2016-09-16,28599.029296875
2016-09-19,28634.5
2016-09-20,28523.19921875
2016-09-21,28507.419921875
2016-09-22,28773.130859375
2016-09-23,28668.220703125
2016-09-26,28294.279296875
2016-09-27,28223.69921875
2016-09-28,28292.810546875
2016-09-29,27827.529296875
2016-09-30,27865.9609375
2016-10-03,28243.2890625
2016-10-04,28334.55078125
2016-10-05,28220.98046875
2016-10-06,28106.2109375
2016-10-07,28061.140625
2016-10-10,28082.33984375
2016-10-13,27643.109375
2016-10-14,27673.599609375
2016-10-17,27529.970703125
2016-10-18,28050.880859375
2016-10-19,27984.369140625
2016-10-20,28129.83984375
2016-10-21,28077.1796875
2016-10-24,28179.080078125
2016-10-25,28091.419921875
2016-10-26,27836.509765625
2016-10-27,27915.900390625
2016-10-28,27941.509765625
2016-11-01,27876.609375
2016-11-02,27527.220703125
2016-11-03,27430.279296875
2016-11-04,27274.150390625
2016-11-07,27458.990234375
2016-11-08,27591.140625
2016-11-09,27252.529296875
2016-11-10,27517.6796875
2016-11-11,26818.8203125
2016-11-15,26304.630859375
2016-11-16,26298.689453125
2016-11-17,26227.619140625
2016-11-18,26150.240234375
2016-11-21,25765.140625
2016-11-22,25960.779296875
2016-11-23,26051.810546875
2016-11-24,25860.169921875
2016-11-25,26316.33984375
2016-11-28,26350.169921875
2016-11-29,26394.009765625
2016-11-30,26652.810546875
2016-12-01,26559.919921875
2016-12-02,26230.66015625
2016-12-05,26349.099609375
2016-12-06,26392.759765625
2016-12-07,26236.869140625
2016-12-08,26694.279296875
2016-12-09,26747.1796875
2016-12-12,26515.240234375
2016-12-13,26697.8203125
2016-12-14,26602.83984375
2016-12-15,26519.0703125
2016-12-16,26489.560546875
2016-12-19,26374.69921875
2016-12-20,26307.98046875
2016-12-21,26242.380859375
2016-12-22,25979.599609375
2016-12-23,26040.69921875
2016-12-26,25807.099609375
2016-12-27,26213.439453125
2016-12-28,26210.6796875
2016-12-29,26366.150390625
2016-12-30,26626.4609375
2017-01-02,26595.44921875
2017-01-03,26643.240234375
2017-01-04,26633.130859375
2017-01-05,26878.240234375
2017-01-06,26759.23046875
2017-01-09,26726.55078125
2017-01-10,26899.560546875
2017-01-11,27140.41015625
2017-01-12,27247.16015625
2017-01-13,27238.060546875
2017-01-16,27288.169921875
2017-01-17,27235.66015625
2017-01-18,27257.640625
2017-01-19,27308.599609375
2017-01-20,27034.5
2017-01-23,27117.33984375
2017-01-24,27375.580078125
2017-01-25,27708.140625
2017-01-27,27882.4609375
2017-01-30,27849.560546875
2017-01-31,27655.9609375
2017-02-01,28141.640625
2017-02-02,28226.609375
2017-02-03,28240.51953125
2017-02-06,28439.279296875
2017-02-07,28335.16015625
2017-02-08,28289.919921875
2017-02-09,28329.69921875
2017-02-10,28334.25
2017-02-13,28351.619140625
2017-02-14,28339.310546875
2017-02-15,28155.560546875
2017-02-16,28301.26953125
2017-02-17,28468.75
2017-02-20,28661.580078125
2017-02-21,28761.58984375
2017-02-22,28864.7109375
2017-02-23,28892.970703125
2017-02-27,28812.880859375
2017-02-28,28743.3203125
2017-03-01,28984.490234375
2017-03-02,28839.7890625
2017-03-03,28832.44921875
2017-03-06,29048.189453125
2017-03-07,28999.560546875
2017-03-08,28901.939453125
2017-03-09,28929.130859375
2017-03-10,28946.23046875
2017-03-14,29442.630859375
2017-03-15,29398.109375
2017-03-16,29585.849609375
2017-03-17,29648.990234375
2017-03-20,29518.740234375
2017-03-21,29485.44921875
2017-03-22,29167.6796875
2017-03-23,29332.16015625
2017-03-24,29421.400390625
2017-03-27,29237.150390625
2017-03-28,29409.51953125
2017-03-29,29531.4296875
2017-03-30,29647.419921875
2017-03-31,29620.5
2017-04-03,29910.220703125
2017-04-05,29974.240234375
2017-04-06,29927.33984375
2017-04-07,29706.609375
2017-04-10,29575.740234375
2017-04-11,29788.349609375
2017-04-12,29643.48046875
2017-04-13,29461.44921875
2017-04-17,29413.66015625
2017-04-18,29319.099609375
2017-04-19,29336.5703125
2017-04-20,29422.390625
2017-04-21,29365.30078125
2017-04-24,29655.83984375
2017-04-25,29943.240234375
2017-04-26,30133.349609375
2017-04-27,30029.740234375
2017-04-28,29918.400390625
2017-05-02,29921.1796875
2017-05-03,29894.80078125
2017-05-04,30126.2109375
2017-05-05,29858.80078125
2017-05-08,29926.150390625
2017-05-09,29933.25
2017-05-10,30248.169921875
2017-05-11,30250.98046875
2017-05-12,30188.150390625
2017-05-15,30322.119140625
2017-05-16,30582.599609375
2017-05-17,30658.76953125
2017-05-18,30434.7890625
2017-05-19,30464.919921875
2017-05-22,30570.970703125
2017-05-23,30365.25
2017-05-24,30301.640625
2017-05-25,30750.029296875
2017-05-26,31028.2109375
2017-05-29,31109.279296875
2017-05-30,31159.400390625
2017-05-31,31145.80078125
2017-06-01,31137.58984375
2017-06-02,31273.2890625
2017-06-05,31309.490234375
2017-06-06,31190.560546875
2017-06-07,31271.279296875
2017-06-08,31213.359375
2017-06-09,31262.060546875
2017-06-12,31095.69921875
2017-06-13,31103.490234375
2017-06-14,31155.91015625
2017-06-15,31075.73046875
2017-06-16,31056.400390625
2017-06-19,31311.5703125
2017-06-20,31297.529296875
2017-06-21,31283.640625
2017-06-22,31290.740234375
2017-06-23,31138.2109375
2017-06-27,30958.25
2017-06-28,30834.3203125
2017-06-29,30857.51953125
2017-06-30,30921.609375
2017-07-03,31221.619140625
2017-07-04,31209.7890625
2017-07-05,31245.560546875
2017-07-06,31369.33984375
2017-07-07,31360.630859375
2017-07-10,31715.640625
2017-07-11,31747.08984375
2017-07-12,31804.8203125
2017-07-13,32037.380859375
2017-07-14,32020.75
2017-07-17,32074.779296875
2017-07-18,31710.990234375
2017-07-19,31955.349609375
2017-07-20,31904.400390625
2017-07-21,32028.890625
2017-07-24,32245.869140625
2017-07-25,32228.26953125
2017-07-26,32382.4609375
2017-07-27,32383.30078125
2017-07-28,32309.880859375
2017-07-31,32514.939453125
2017-08-01,32575.169921875
2017-08-02,32476.740234375
2017-08-03,32237.880859375
2017-08-04,32325.41015625
2017-08-07,32273.669921875
2017-08-08,32014.189453125
2017-08-09,31797.83984375
2017-08-10,31531.330078125
2017-08-11,31213.58984375
2017-08-14,31449.029296875
2017-08-16,31770.890625
2017-08-17,31795.4609375
2017-08-18,31524.6796875
2017-08-21,31258.849609375
2017-08-22,31291.849609375
2017-08-23,31568.009765625
2017-08-24,31596.060546875
2017-08-28,31750.8203125
2017-08-29,31388.390625
2017-08-30,31646.4609375
2017-08-31,31730.490234375
2017-09-01,31892.23046875
2017-09-04,31702.25
2017-09-05,31809.55078125
2017-09-06,31661.970703125
2017-09-07,31662.740234375
2017-09-08,31687.51953125
2017-09-11,31882.16015625
2017-09-12,32158.66015625
2017-09-13,32186.41015625
2017-09-14,32241.9296875
2017-09-15,32272.609375
2017-09-18,32423.759765625
2017-09-19,32402.369140625
2017-09-20,32400.509765625
2017-09-21,32370.0390625
2017-09-22,31922.439453125
2017-09-25,31626.630859375
2017-09-26,31599.759765625
2017-09-27,31159.810546875
2017-09-28,31282.48046875
2017-09-29,31283.720703125
2017-10-03,31497.380859375
2017-10-04,31671.7109375
2017-10-05,31592.029296875
2017-10-06,31814.220703125
2017-10-09,31846.890625
2017-10-10,31924.41015625
2017-10-11,31833.990234375
2017-10-12,32182.220703125
2017-10-13,32432.689453125
2017-10-16,32633.640625
2017-10-17,32609.16015625
2017-10-18,32584.349609375
2017-10-19,32389.9609375
2017-10-23,32506.720703125
2017-10-24,32607.33984375
2017-10-25,33042.5
2017-10-26,33147.12890625
2017-10-27,33157.21875
2017-10-30,33266.16015625
2017-10-31,33213.12890625
2017-11-01,33600.26953125
2017-11-02,33573.21875
2017-11-03,33685.55859375
2017-11-06,33731.19140625
2017-11-07,33370.76171875
2017-11-08,33218.80859375
2017-11-09,33250.9296875
2017-11-10,33314.55859375
2017-11-13,33033.55859375
2017-11-14,32941.87109375
2017-11-15,32760.439453125
2017-11-16,33106.8203125
2017-11-17,33342.80078125
2017-11-20,33359.8984375
2017-11-21,33478.3515625
2017-11-22,33561.55078125
2017-11-23,33588.078125
2017-11-24,33679.23828125
2017-11-27,33724.44140625
2017-11-28,33618.58984375
2017-11-29,33602.76171875
2017-11-30,33149.3515625
2017-12-01,32832.94140625
2017-12-04,32869.71875
2017-12-05,32802.44140625
2017-12-06,32597.1796875
2017-12-07,32949.2109375
2017-12-08,33250.30078125
2017-12-11,33455.7890625
2017-12-12,33227.98828125
2017-12-13,33053.0390625
2017-12-14,33246.69921875
2017-12-15,33462.96875
2017-12-18,33601.6796875
2017-12-19,33836.73828125
2017-12-20,33777.37890625
2017-12-21,33756.28125
2017-12-22,33940.30078125
2017-12-26,34010.609375
2017-12-27,33911.80859375
2017-12-28,33848.03125
2017-12-29,34056.828125
2018-01-01,33812.75
2018-01-02,33812.26171875
2018-01-03,33793.37890625
2018-01-04,33969.640625
2018-01-05,34153.8515625
2018-01-08,34352.7890625
2018-01-09,34443.19140625
2018-01-10,34433.0703125
2018-01-11,34503.48828125
2018-01-12,34592.390625
2018-01-15,34843.51171875
2018-01-16,34771.05078125
2018-01-17,35081.8203125
2018-01-18,35260.2890625
2018-01-19,35511.578125
2018-01-22,35798.01171875
2018-01-23,36139.98046875
2018-01-24,36161.640625
2018-01-25,36050.44140625
2018-01-29,36283.25
2018-01-30,36033.73046875
2018-01-31,35965.01953125
2018-02-01,35906.66015625
2018-02-02,35066.75
2018-02-05,34757.16015625
2018-02-06,34195.94140625
2018-02-07,34082.7109375
2018-02-08,34413.16015625
2018-02-09,34005.76171875
2018-02-12,34300.46875
2018-02-14,34155.94921875
2018-02-15,34297.46875
2018-02-16,34010.76171875
2018-02-19,33774.66015625
2018-02-20,33703.58984375
2018-02-21,33844.859375
2018-02-22,33819.5
2018-02-23,34142.1484375
2018-02-26,34445.75
2018-02-27,34346.390625
2018-02-28,34184.0390625
2018-03-01,34046.94140625
2018-03-05,33746.78125
2018-03-06,33317.19921875
2018-03-07,33033.08984375
2018-03-08,33351.5703125
2018-03-09,33307.140625
2018-03-12,33917.94140625
2018-03-13,33856.78125
2018-03-14,33835.73828125
2018-03-15,33685.5390625
2018-03-16,33176.0
2018-03-19,32923.12109375
2018-03-20,32996.76171875
2018-03-21,33136.1796875
2018-03-22,33006.26953125
2018-03-23,32596.5390625
2018-03-26,33066.41015625
2018-03-27,33174.390625
2018-03-28,32968.6796875
2018-04-02,33255.359375
2018-04-03,33370.62890625
2018-04-04,33019.0703125
2018-04-05,33596.80078125
2018-04-06,33626.96875
2018-04-09,33788.5390625
2018-04-10,33880.25
2018-04-11,33940.44140625
2018-04-12,34101.12890625
2018-04-13,34192.6484375
2018-04-16,34305.4296875
2018-04-17,34395.05859375
2018-04-18,34331.6796875
2018-04-19,34427.2890625
2018-04-20,34415.578125
2018-04-23,34450.76953125
2018-04-24,34616.640625
2018-04-25,34501.26953125
2018-04-26,34713.6015625
2018-04-27,34969.69921875
2018-04-30,35160.359375
2018-05-02,35176.421875
2018-05-03,35103.140625
2018-05-04,34915.37890625
2018-05-07,35208.140625
2018-05-08,35216.3203125
2018-05-09,35319.3515625
2018-05-10,35246.26953125
2018-05-11,35535.7890625
2018-05-14,35556.7109375
2018-05-15,35543.94140625
2018-05-16,35387.87890625
2018-05-17,35149.12109375
2018-05-18,34848.30078125
2018-05-21,34616.12890625
2018-05-22,34651.23828125
2018-05-23,34344.91015625
2018-05-24,34663.109375
2018-05-25,34924.87109375
2018-05-28,35165.48046875
2018-05-29,34949.23828125
2018-05-30,34906.109375
2018-05-31,35322.37890625
2018-06-01,35227.26171875
2018-06-04,35011.890625
2018-06-05,34903.2109375
2018-06-06,35178.87890625
2018-06-07,35463.078125
2018-06-08,35443.671875
2018-06-11,35483.46875
2018-06-12,35692.51953125
2018-06-13,35739.16015625
2018-06-14,35599.8203125
2018-06-15,35622.140625
2018-06-18,35548.26171875
2018-06-19,35286.73828125
2018-06-20,35547.328125
2018-06-21,35432.390625
2018-06-22,35689.6015625
2018-06-25,35470.3515625
2018-06-26,35490.0390625
2018-06-27,35217.109375
2018-06-28,35037.640625
2018-06-29,35423.48046875
2018-07-02,35264.41015625
2018-07-03,35378.6015625
2018-07-04,35645.3984375
2018-07-05,35574.55078125
2018-07-06,35657.859375
2018-07-09,35934.71875
2018-07-10,36239.62109375
2018-07-11,36265.9296875
2018-07-12,36548.41015625
2018-07-13,36541.62890625
2018-07-16,36323.76953125
2018-07-17,36519.9609375
2018-07-18,36373.44140625
2018-07-19,36351.23046875
2018-07-20,36496.37109375
2018-07-23,36718.6015625
2018-07-24,36825.1015625
2018-07-25,36858.23046875
2018-07-26,36984.640625
2018-07-27,37336.8515625
2018-07-30,37494.3984375
2018-07-31,37606.578125
2018-08-01,37521.62109375
2018-08-02,37165.16015625
2018-08-03,37556.16015625
2018-08-06,37691.890625
2018-08-07,37665.80078125
2018-08-08,37887.55859375
2018-08-09,38024.37109375
2018-08-10,37869.23046875
2018-08-13,37644.8984375
2018-08-14,37852.0
2018-08-16,37663.55859375
2018-08-17,37947.87890625
2018-08-20,38278.75
2018-08-21,38285.75
2018-08-23,38336.76171875
2018-08-24,38251.80078125
2018-08-27,38694.109375
2018-08-28,38896.62890625
2018-08-29,38722.9296875
2018-08-30,38690.1015625
2018-08-31,38645.0703125
2018-09-03,38312.51953125
2018-09-04,38157.921875
2018-09-05,38018.30859375
2018-09-06,38242.80859375
2018-09-07,38389.8203125
2018-09-10,37922.171875
2018-09-11,37413.12890625
2018-09-12,37717.9609375
2018-09-14,38090.640625
2018-09-17,37585.51171875
2018-09-18,37290.671875
2018-09-19,37121.21875
2018-09-21,36841.6015625
2018-09-24,36305.01953125
2018-09-25,36652.05859375
2018-09-26,36542.26953125
2018-09-27,36324.171875
2018-09-28,36227.140625
2018-10-01,36526.140625
2018-10-03,35975.62890625
2018-10-04,35169.16015625
2018-10-05,34376.98828125
2018-10-08,34474.37890625
2018-10-09,34299.46875
2018-10-10,34760.890625
2018-10-11,34001.1484375
2018-10-12,34733.578125
2018-10-15,34865.1015625
2018-10-16,35162.48046875
2018-10-17,34779.578125
2018-10-19,34315.62890625
2018-10-22,34134.37890625
2018-10-23,33847.23046875
2018-10-24,34033.9609375
2018-10-25,33690.08984375
2018-10-26,33349.30859375
2018-10-29,34067.3984375
2018-10-30,33891.12890625
2018-10-31,34442.05078125
2018-11-01,34431.96875
2018-11-02,35011.6484375
2018-11-05,34950.921875
2018-11-06,34991.91015625
2018-11-07,35237.6796875
2018-11-09,35158.55078125
2018-11-12,34812.98828125
2018-11-13,35144.48828125
2018-11-14,35141.98828125
2018-11-15,35260.5390625
2018-11-16,35457.16015625
2018-11-19,35774.87890625
2018-11-20,35474.51171875
2018-11-21,35199.80078125
2018-11-22,34981.01953125
2018-11-26,35354.078125
2018-11-27,35513.140625
2018-11-28,35716.94921875
2018-11-29,36170.41015625
2018-11-30,36194.30078125
2018-12-03,36241.0
2018-12-04,36134.30859375
2018-12-05,35884.41015625
2018-12-06,35312.12890625
2018-12-07,35673.25
2018-12-10,34959.71875
2018-12-11,35150.01171875
2018-12-12,35779.0703125
2018-12-13,35929.640625
2018-12-14,35962.9296875
2018-12-17,36270.0703125
2018-12-18,36347.078125
2018-12-19,36484.328125
2018-12-20,36431.671875
2018-12-21,35742.0703125
2018-12-24,35470.1484375
2018-12-26,35649.94140625
2018-12-27,35807.28125
2018-12-28,36076.71875
2018-12-31,36068.328125
2019-01-01,35887.5693359375
2019-01-02,35891.51953125
2019-01-03,35513.7109375
2019-01-04,35695.1015625
2019-01-07,35850.16015625
2019-01-08,35980.9296875
2019-01-09,36212.91015625
2019-01-10,36106.5
2019-01-11,36009.83984375
2019-01-14,35853.55859375
2019-01-15,36318.328125
2019-01-16,36321.2890625
2019-01-17,36374.078125
2019-01-18,36386.609375
2019-01-21,36578.9609375
2019-01-22,36444.640625
2019-01-23,36108.46875
2019-01-24,36195.1015625
2019-01-25,36025.5390625
2019-01-28,35656.69921875
2019-01-29,35592.5
2019-01-30,35591.25
2019-01-31,36256.69140625
2019-02-01,36469.4296875
2019-02-04,36582.73828125
2019-02-05,36616.80859375
2019-02-06,36975.23046875
2019-02-07,36971.08984375
2019-02-08,36546.48046875
2019-02-11,36395.03125
2019-02-12,36153.62109375
2019-02-14,35876.21875
2019-02-15,35808.94921875
2019-02-18,35498.44140625
2019-02-19,35352.609375
2019-02-20,35756.26171875
2019-02-21,35898.3515625
2019-02-22,35871.48046875
2019-02-25,36213.37890625
2019-02-26,35973.7109375
2019-02-27,35905.4296875
2019-02-28,35867.44140625
2019-03-01,36063.80859375
2019-03-05,36442.5390625
2019-03-06,36636.1015625
2019-03-07,36725.421875
2019-03-08,36671.4296875
2019-03-11,37054.1015625
2019-03-12,37535.66015625
2019-03-13,37752.171875
2019-03-14,37754.890625
2019-03-15,38024.3203125
2019-03-18,38095.0703125
2019-03-19,38363.46875
2019-03-20,38386.75
2019-03-22,38164.609375
2019-03-25,37808.91015625
2019-03-26,38233.41015625
2019-03-27,38132.87890625
2019-03-28,38545.71875
2019-04-01,38871.87109375
2019-04-02,39056.6484375
2019-04-03,38877.12109375
2019-04-04,38684.71875
2019-04-05,38862.23046875
2019-04-08,38700.53125
2019-04-09,38939.21875
2019-04-10,38585.3515625
2019-04-11,38607.01171875
2019-04-12,38767.109375
2019-04-15,38905.83984375
2019-04-16,39275.640625
2019-04-18,39140.28125
2019-04-22,38645.1796875
2019-04-23,38564.87890625
2019-04-24,39054.6796875
2019-04-25,38730.859375
2019-04-26,39067.328125
2019-04-30,39031.55078125
2019-05-02,38981.4296875
2019-05-03,38963.26171875
2019-05-06,38600.33984375
2019-05-07,38276.62890625
2019-05-08,37789.12890625
2019-05-09,37558.91015625
2019-05-10,37462.98828125
2019-05-13,37090.8203125
2019-05-14,37318.53125
2019-05-15,37114.87890625
2019-05-16,37393.48046875
2019-05-17,37930.76953125
2019-05-20,39352.671875
2019-05-21,38969.80078125
2019-05-22,39110.2109375
2019-05-23,38811.390625
2019-05-24,39434.71875
2019-05-27,39683.2890625
2019-05-28,39749.73046875
2019-05-29,39502.05078125
2019-05-30,39831.96875
2019-05-31,39714.19921875
2019-06-03,40267.62109375
2019-06-04,40083.5390625
2019-06-06,39529.71875
2019-06-07,39615.8984375
2019-06-10,39784.51953125
2019-06-11,39950.4609375
2019-06-12,39756.80859375
2019-06-13,39741.359375
2019-06-14,39452.0703125
2019-06-17,38960.7890625
2019-06-18,39046.33984375
2019-06-19,39112.73828125
2019-06-20,39601.62890625
2019-06-21,39194.48828125
2019-06-24,39122.9609375
2019-06-25,39434.94140625
2019-06-26,39592.078125
2019-06-27,39586.41015625
2019-06-28,39394.640625
2019-07-01,39686.5
2019-07-02,39816.48046875
2019-07-03,39839.25
2019-07-04,39908.05859375
2019-07-05,39513.390625
2019-07-08,38720.5703125
2019-07-09,38730.8203125
2019-07-10,38557.0390625
2019-07-11,38823.109375
2019-07-12,38736.23046875
2019-07-15,38896.7109375
2019-07-16,39131.0390625
2019-07-17,39215.640625
2019-07-18,38897.4609375
2019-07-19,38337.01171875
2019-07-22,38031.12890625
2019-07-23,37982.73828125
2019-07-24,37847.6484375
2019-07-25,37830.98046875
2019-07-26,37882.7890625
2019-07-29,37686.37109375
2019-07-30,37397.23828125
2019-07-31,37481.12109375
2019-08-01,37018.3203125
2019-08-02,37118.21875
2019-08-05,36699.83984375
2019-08-06,36976.8515625
2019-08-07,36690.5
2019-08-08,37327.359375
2019-08-09,37581.91015625
2019-08-13,36958.16015625
2019-08-14,37311.53125
2019-08-16,37350.328125
2019-08-19,37402.48828125
2019-08-20,37328.01171875
2019-08-21,37060.37109375
2019-08-22,36472.9296875
2019-08-23,36701.16015625
2019-08-26,37494.12109375
2019-08-27,37641.26953125
2019-08-28,37451.83984375
2019-08-29,37068.9296875
2019-08-30,37332.7890625
2019-09-03,36562.91015625
2019-09-04,36724.73828125
2019-09-05,36644.421875
2019-09-06,36981.76953125
2019-09-09,37145.44921875
2019-09-11,37270.8203125
2019-09-12,37104.28125
2019-09-13,37384.98828125
2019-09-16,37123.30859375
2019-09-17,36481.08984375
2019-09-18,36563.87890625
2019-09-19,36093.46875
2019-09-20,38014.62109375
2019-09-23,39090.03125
2019-09-24,39097.140625
2019-09-25,38593.51953125
2019-09-26,38989.73828125
2019-09-27,38822.5703125
2019-09-30,38667.328125
2019-10-01,38305.41015625
2019-10-03,38106.87109375
2019-10-04,37673.30859375
2019-10-07,37531.98046875
2019-10-09,38177.94921875
2019-10-10,37880.3984375
2019-10-11,38127.078125
2019-10-14,38214.46875
2019-10-15,38506.08984375
2019-10-16,38598.98828125
2019-10-17,39052.05859375
2019-10-18,39298.37890625
2019-10-22,38963.83984375
2019-10-23,39058.828125
2019-10-24,39020.390625
2019-10-25,39058.05859375
2019-10-27,39490.5400390625
2019-10-29,39831.83984375
2019-10-30,40051.87109375
2019-10-31,40129.05078125
2019-11-01,40165.03125
2019-11-04,40301.9609375
2019-11-05,40248.23046875
2019-11-06,40469.78125
2019-11-07,40653.73828125
2019-11-08,40323.609375
2019-11-11,40345.078125
2019-11-13,40116.05859375
2019-11-14,40286.48046875
2019-11-15,40356.69140625
2019-11-18,40284.19140625
2019-11-19,40469.69921875
2019-11-20,40651.640625
2019-11-21,40575.171875
2019-11-22,40359.41015625
2019-11-25,40889.23046875
2019-11-26,40821.30078125
2019-11-27,41020.609375
2019-11-28,41130.171875
2019-11-29,40793.80859375
2019-12-02,40802.171875
2019-12-03,40675.44921875
2019-12-04,40850.2890625
2019-12-05,40779.58984375
2019-12-06,40445.1484375
2019-12-09,40487.4296875
2019-12-10,40239.87890625
2019-12-11,40412.5703125
2019-12-12,40581.7109375
2019-12-13,41009.7109375
2019-12-16,40938.71875
2019-12-17,41352.171875
2019-12-18,41558.5703125
2019-12-19,41673.921875
2019-12-20,41681.5390625
2019-12-23,41642.66015625
2019-12-24,41461.26171875
2019-12-26,41163.76171875
2019-12-27,41575.140625
2019-12-30,41558.0
2019-12-31,41253.73828125
2020-01-01,41475.7470703125
2020-01-02,41626.640625
2020-01-03,41464.609375
2020-01-06,40676.62890625
2020-01-07,40869.46875
2020-01-08,40817.73828125
2020-01-09,41452.3515625
2020-01-10,41599.71875
2020-01-13,41859.69140625
2020-01-14,41952.62890625
2020-01-15,41872.73046875
2020-01-16,41932.55859375
2020-01-17,41945.37109375
2020-01-20,41528.91015625
2020-01-21,41323.80859375
2020-01-22,41115.37890625
2020-01-23,41386.3984375
2020-01-24,41613.19140625
2020-01-27,41155.12109375
2020-01-28,40966.859375
2020-01-29,41198.66015625
2020-01-30,40913.8203125
2020-01-31,40723.48828125
2020-02-03,39872.30859375
2020-02-04,40789.37890625
2020-02-05,41142.66015625
2020-02-06,41306.03125
2020-02-07,41141.8515625
2020-02-10,40979.62109375
2020-02-11,41216.140625
2020-02-12,41565.8984375
2020-02-13,41459.7890625
2020-02-14,41257.73828125
2020-02-17,41055.69140625
2020-02-18,40894.37890625
2020-02-19,41323.0
2020-02-20,41170.12109375
2020-02-24,40363.23046875
2020-02-25,40281.19921875
2020-02-26,39888.9609375
2020-02-27,39745.66015625
2020-02-28,38297.2890625
2020-03-02,38144.01953125
2020-03-03,38623.69921875
2020-03-04,38409.48046875
2020-03-05,38470.609375
2020-03-06,37576.62109375
2020-03-09,35634.94921875
2020-03-11,35697.3984375
2020-03-12,32778.140625
2020-03-13,34103.48046875
2020-03-16,31390.0703125
2020-03-17,30579.08984375
2020-03-18,28869.509765625
2020-03-19,28288.23046875
2020-03-20,29915.9609375
2020-03-23,25981.240234375
2020-03-24,26674.029296875
2020-03-25,28535.779296875
2020-03-26,29946.76953125
2020-03-27,29815.58984375
2020-03-30,28440.3203125
2020-03-31,29468.490234375
2020-04-01,28265.310546875
2020-04-03,27590.94921875
2020-04-07,30067.2109375
2020-04-08,29893.9609375
2020-04-09,31159.619140625
2020-04-13,30690.01953125
2020-04-15,30379.810546875
2020-04-16,30602.609375
2020-04-17,31588.720703125
2020-04-20,31648.0
2020-04-21,30636.7109375
2020-04-22,31379.55078125
2020-04-23,31863.080078125
2020-04-24,31327.220703125
2020-04-27,31743.080078125
2020-04-28,32114.51953125
2020-04-29,32720.16015625
2020-04-30,33717.62109375
2020-05-04,31715.349609375
2020-05-05,31453.509765625
2020-05-06,31685.75
2020-05-07,31443.380859375
2020-05-08,31642.69921875
2020-05-11,31561.220703125
2020-05-12,31371.119140625
2020-05-13,32008.609375
2020-05-14,31122.890625
2020-05-15,31097.73046875
2020-05-18,30028.98046875
2020-05-19,30196.169921875
2020-05-20,30818.609375
2020-05-21,30932.900390625
2020-05-22,30672.58984375
2020-05-26,30609.30078125
2020-05-27,31605.220703125
2020-05-28,32200.58984375
2020-05-29,32424.099609375
2020-06-01,33303.51953125
2020-06-02,33825.53125
2020-06-03,34109.5390625
2020-06-04,33980.69921875
2020-06-05,34287.23828125
2020-06-08,34370.578125
2020-06-09,33956.69140625
2020-06-10,34247.05078125
2020-06-11,33538.37109375
2020-06-12,33780.890625
2020-06-15,33228.80078125
2020-06-16,33605.21875
2020-06-17,33507.921875
2020-06-18,34208.05078125
2020-06-19,34731.73046875
2020-06-22,34911.3203125
2020-06-23,35430.4296875
2020-06-24,34868.98046875
2020-06-25,34842.1015625
2020-06-26,35171.26953125
2020-06-29,34961.51953125
2020-06-30,34915.80078125
2020-07-01,35414.44921875
2020-07-02,35843.69921875
2020-07-03,36021.421875
2020-07-06,36487.28125
2020-07-07,36674.51953125
2020-07-08,36329.01171875
2020-07-09,36737.69140625
2020-07-10,36594.328125
2020-07-13,36693.69140625
2020-07-14,36033.05859375
2020-07-15,36051.80859375
2020-07-16,36471.6796875
2020-07-17,37020.140625
2020-07-20,37418.98828125
2020-07-21,37930.328125
2020-07-22,37871.51953125
2020-07-23,38140.46875
2020-07-24,38128.8984375
2020-07-27,37934.73046875
2020-07-28,38492.94921875
2020-07-29,38071.12890625
2020-07-30,37736.0703125
2020-07-31,37606.890625
2020-08-03,36939.6015625
2020-08-04,37687.91015625
2020-08-05,37663.328125
2020-08-06,38025.44921875
2020-08-07,38040.5703125
2020-08-10,38182.078125
2020-08-11,38407.01171875
2020-08-12,38369.62890625
2020-08-13,38310.48828125
2020-08-14,37877.33984375
2020-08-17,38050.78125
2020-08-18,38528.3203125
2020-08-19,38614.7890625
2020-08-20,38220.390625
2020-08-21,38434.71875
2020-08-24,38799.078125
2020-08-25,38843.87890625
2020-08-26,39073.921875
2020-08-27,39113.46875
2020-08-28,39467.30859375
2020-08-31,38628.2890625
2020-09-01,38900.80078125
2020-09-02,39086.03125
2020-09-03,38990.94140625
2020-09-04,38357.1796875
2020-09-07,38417.23046875
2020-09-08,38365.3515625
2020-09-09,38193.921875
2020-09-10,38840.3203125
2020-09-11,38854.55078125
2020-09-14,38756.62890625
2020-09-15,39044.3515625
2020-09-16,39302.8515625
2020-09-17,38979.8515625
2020-09-18,38845.8203125
2020-09-21,38034.140625
2020-09-22,37734.078125
2020-09-23,37668.421875
2020-09-24,36553.6015625
2020-09-25,37388.66015625
2020-09-28,37981.62890625
2020-09-29,37973.21875
2020-09-30,38067.9296875
2020-10-01,38697.05078125
2020-10-05,38973.69921875
2020-10-06,39574.5703125
2020-10-07,39878.94921875
2020-10-08,40182.671875
2020-10-09,40509.48828125
2020-10-12,40593.80078125
2020-10-13,40625.51171875
2020-10-14,40794.73828125
2020-10-15,39728.41015625
2020-10-16,39982.98046875
2020-10-19,40431.6015625
2020-10-20,40544.37109375
2020-10-21,40707.30859375
2020-10-22,40558.48828125
2020-10-23,40685.5
2020-10-26,40145.5
2020-10-27,40522.1015625
2020-10-28,39922.4609375
2020-10-29,39749.8515625
2020-10-30,39614.0703125
2020-11-02,39757.578125
2020-11-03,40261.12890625
2020-11-04,40616.140625
2020-11-05,41340.16015625
2020-11-06,41893.05859375
2020-11-09,42597.4296875
2020-11-10,43277.6484375
2020-11-11,43593.671875
2020-11-12,43357.19140625
2020-11-13,43443.0
2020-11-14,43733.23828125
2020-11-17,43952.7109375
2020-11-18,44180.05078125
2020-11-19,43599.9609375
2020-11-20,43882.25
2020-11-23,44077.1484375
2020-11-24,44523.01953125
2020-11-25,43828.1015625
2020-11-26,44259.73828125
2020-11-27,44149.71875
2020-12-01,44655.44140625
2020-12-02,44618.0390625
2020-12-03,44632.6484375
2020-12-04,45079.55078125
2020-12-07,45426.96875
2020-12-08,45608.51171875
2020-12-09,46103.5
2020-12-10,45959.87890625
2020-12-11,46099.01171875
2020-12-14,46253.4609375
2020-12-15,46263.171875
2020-12-16,46666.4609375
2020-12-17,46890.33984375
2020-12-18,46960.69140625
2020-12-21,45553.9609375
2020-12-22,46006.69140625
2020-12-23,46444.1796875
2020-12-24,46973.5390625
2020-12-28,47353.75
2020-12-29,47613.078125
2020-12-30,47746.21875
2020-12-31,47751.328125
2021-01-01,47868.98046875
2021-01-04,48176.80078125
2021-01-05,48437.78125
2021-01-06,48174.05859375
2021-01-07,48093.3203125
2021-01-08,48782.51171875
2021-01-11,49269.3203125
2021-01-12,49517.109375
2021-01-13,49492.3203125
2021-01-14,49584.16015625
2021-01-15,49034.671875
2021-01-18,48564.26953125
2021-01-19,49398.2890625
2021-01-20,49792.12109375
2021-01-21,49624.76171875
2021-01-22,48878.5390625
2021-01-25,48347.58984375
2021-01-27,47409.9296875
2021-01-28,46874.359375
2021-01-29,46285.76953125
2021-02-01,48600.609375
2021-02-02,49797.71875
2021-02-03,50255.75
2021-02-04,50614.2890625
2021-02-05,50731.62890625
2021-02-08,51348.76953125
2021-02-09,51329.078125
2021-02-10,51309.390625
2021-02-11,51531.51953125
2021-02-12,51544.30078125
2021-02-15,52154.12890625
2021-02-16,52104.171875
2021-02-17,51703.828125
2021-02-18,51324.69140625
2021-02-19,50889.76171875
2021-02-22,49744.3203125
2021-02-23,49751.41015625
2021-02-24,50781.69140625
2021-02-25,51039.30859375
2021-02-26,49099.98828125
2021-03-01,49849.83984375
2021-03-02,50296.890625
2021-03-03,51444.6484375
2021-03-04,50846.078125
2021-03-05,50405.3203125
2021-03-08,50441.0703125
2021-03-09,51025.48046875
2021-03-10,51279.51171875
2021-03-12,50792.078125
2021-03-15,50395.078125
2021-03-16,50363.9609375
2021-03-17,49801.62109375
2021-03-18,49216.51953125
2021-03-19,49858.23828125
2021-03-22,49771.2890625
2021-03-23,50051.44140625
2021-03-24,49180.30859375
2021-03-25,48440.12109375
2021-03-26,49008.5
2021-03-30,50136.578125
2021-03-31,49509.1484375
2021-04-01,50029.828125
2021-04-05,49159.3203125
2021-04-06,49201.390625
2021-04-07,49661.76171875
2021-04-08,49746.2109375
2021-04-09,49591.3203125
2021-04-12,47883.37890625
2021-04-13,48544.05859375
2021-04-15,48803.6796875
2021-04-16,48832.03125
2021-04-19,47949.421875
2021-04-20,47705.80078125
2021-04-22,48080.671875
2021-04-23,47878.44921875
2021-04-26,48386.51171875
2021-04-27,48944.140625
2021-04-28,49733.83984375
2021-04-29,49765.94140625
2021-04-30,48782.359375
2021-05-03,48718.51953125
2021-05-04,48253.51171875
2021-05-05,48677.55078125
2021-05-06,48949.76171875
2021-05-07,49072.8828125
2021-05-10,49502.41015625
2021-05-11,49161.80859375
2021-05-12,48690.80078125
2021-05-14,48732.55078125
2021-05-17,49580.73046875
2021-05-18,50193.328125
2021-05-19,49902.640625
2021-05-20,49564.859375
2021-05-21,50540.48046875
2021-05-24,50651.8984375
2021-05-25,50637.53125
2021-05-26,51017.51953125
2021-05-27,51115.21875
2021-05-28,51422.87890625
2021-05-31,51937.44140625
2021-06-01,51934.87890625
2021-06-02,51849.48046875
2021-06-03,52232.4296875
2021-06-04,52100.05078125
2021-06-07,52328.51171875
2021-06-08,52275.5703125
2021-06-09,51941.640625
2021-06-10,52300.46875
2021-06-11,52474.76171875
2021-06-14,52551.53125
2021-06-15,52773.05078125
2021-06-16,52501.98046875
2021-06-17,52323.328125
2021-06-18,52344.44921875
2021-06-21,52574.4609375
2021-06-22,52588.7109375
2021-06-23,52306.078125
2021-06-24,52699.0
2021-06-25,52925.0390625
2021-06-28,52735.58984375
2021-06-29,52549.66015625
2021-06-30,52482.7109375
2021-07-01,52318.6015625
2021-07-02,52484.671875
2021-07-05,52880.0
2021-07-06,52861.1796875
2021-07-07,53054.76171875
2021-07-08,52568.94140625
2021-07-09,52386.19140625
2021-07-12,52372.69140625
2021-07-13,52769.73046875
2021-07-14,52904.05078125
2021-07-15,53158.8515625
2021-07-16,53140.05859375
2021-07-19,52553.3984375
2021-07-20,52198.51171875
2021-07-22,52837.2109375
2021-07-23,52975.80078125
2021-07-26,52852.26953125
2021-07-27,52578.76171875
2021-07-28,52443.7109375
2021-07-29,52653.0703125
2021-07-30,52586.83984375
2021-08-02,52950.62890625
2021-08-03,53823.359375
2021-08-04,54369.76953125
2021-08-05,54492.83984375
2021-08-06,54277.71875
2021-08-09,54402.8515625
2021-08-10,54554.66015625
2021-08-11,54525.9296875
2021-08-12,54843.98046875
2021-08-13,55437.2890625
2021-08-16,55582.578125
2021-08-17,55792.26953125
2021-08-18,55629.48828125
2021-08-20,55329.3203125
2021-08-23,55555.7890625
2021-08-24,55958.98046875
2021-08-25,55944.2109375
2021-08-26,55949.1015625
2021-08-27,56124.71875
2021-08-30,56889.76171875
2021-08-31,57552.390625
2021-09-01,57338.2109375
2021-09-02,57852.5390625
2021-09-03,58129.94921875
2021-09-06,58296.91015625
2021-09-07,58279.48046875
2021-09-08,58250.26171875
2021-09-09,58305.0703125
2021-09-13,58177.76171875
2021-09-14,58247.08984375
2021-09-15,58723.19921875
2021-09-16,59141.16015625
2021-09-17,59015.890625
2021-09-20,58490.9296875
2021-09-21,59005.26953125
2021-09-22,58927.328125
2021-09-23,59885.359375
2021-09-24,60048.46875
2021-09-27,60077.87890625
2021-09-28,59667.6015625
2021-09-29,59413.26953125
2021-09-30,59126.359375
2021-10-01,58765.578125
2021-10-04,59299.3203125
2021-10-05,59744.87890625
2021-10-06,59189.73046875
2021-10-07,59677.828125
2021-10-08,60059.05859375
2021-10-11,60135.78125
2021-10-12,60284.30859375
2021-10-13,60737.05078125
2021-10-14,61305.94921875
2021-10-18,61765.58984375
2021-10-19,61716.05078125
2021-10-20,61259.9609375
2021-10-21,60923.5
2021-10-22,60821.62109375
2021-10-25,60967.05078125
2021-10-26,61350.26171875
2021-10-27,61143.328125
2021-10-28,59984.69921875
2021-10-29,59306.9296875
2021-11-01,60138.4609375
2021-11-02,60029.05859375
2021-11-03,59771.921875
2021-11-04,60067.62109375
2021-11-08,60545.609375
2021-11-09,60433.44921875
2021-11-10,60352.8203125
2021-11-11,59919.69140625
2021-11-12,60686.69140625
2021-11-15,60718.7109375
2021-11-16,60322.37109375
2021-11-17,60008.328125
2021-11-18,59636.01171875
2021-11-22,58465.890625
2021-11-23,58664.328125
2021-11-24,58340.98828125
2021-11-25,58795.08984375
2021-11-26,57107.1484375
2021-11-29,57260.578125
2021-11-30,57064.87109375
2021-12-01,57684.7890625
2021-12-02,58461.2890625
2021-12-03,57696.4609375
2021-12-06,56747.140625
2021-12-07,57633.6484375
2021-12-08,58649.6796875
2021-12-09,58807.12890625
2021-12-10,58786.671875
2021-12-13,58283.421875
2021-12-14,58117.08984375
2021-12-15,57788.03125
2021-12-16,57901.140625
2021-12-17,57011.73828125
2021-12-20,55822.01171875
2021-12-21,56319.01171875
2021-12-22,56930.55859375
2021-12-23,57315.28125
2021-12-24,57124.30859375
2021-12-27,57420.23828125
2021-12-28,57897.48046875
2021-12-29,57806.48828125
2021-12-30,57794.3203125
2021-12-31,58253.8203125
2022-01-03,59183.21875
2022-01-04,59855.9296875
2022-01-05,60223.1484375
2022-01-06,59601.83984375
2022-01-07,59744.6484375
2022-01-10,60395.62890625
2022-01-11,60616.890625
2022-01-12,61150.0390625
2022-01-13,61235.30078125
2022-01-14,61223.03125
2022-01-17,61308.91015625
2022-01-18,60754.859375
2022-01-19,60098.8203125
2022-01-20,59464.62109375
2022-01-21,59037.1796875
2022-01-24,57491.51171875
2022-01-25,57858.1484375
2022-01-27,57276.94140625
2022-01-28,57200.23046875
2022-01-31,58014.171875
2022-02-01,58862.5703125
2022-02-02,59558.328125
2022-02-03,58788.01953125
2022-02-04,58644.8203125
2022-02-07,57621.19140625
2022-02-08,57808.578125
2022-02-09,58465.96875
2022-02-10,58926.03125
2022-02-11,58152.921875
2022-02-14,56405.83984375
2022-02-15,58142.05078125
2022-02-16,57996.6796875
2022-02-17,57892.01171875
2022-02-18,57832.96875
2022-02-21,57683.58984375
2022-02-22,57300.6796875
2022-02-23,57232.05859375
2022-02-24,54529.91015625
2022-02-25,55858.51953125
2022-02-28,56247.28125
2022-03-02,55468.8984375
2022-03-03,55102.6796875
2022-03-04,54333.80859375
2022-03-07,52842.75
2022-03-08,53424.08984375
2022-03-09,54647.328125
2022-03-10,55464.390625
2022-03-11,55550.30078125
2022-03-14,56486.01953125
2022-03-15,55776.8515625
2022-03-16,56816.6484375
2022-03-17,57863.9296875
2022-03-21,57292.48828125
2022-03-22,57989.30078125
2022-03-23,57684.8203125
2022-03-24,57595.6796875
2022-03-25,57362.19921875
2022-03-28,57593.48828125
2022-03-29,57943.6484375
2022-03-30,58683.98828125
2022-03-31,58568.51171875
2022-04-01,59276.69140625
2022-04-04,60611.73828125
2022-04-05,60176.5
2022-04-06,59610.41015625
2022-04-07,59034.94921875
2022-04-08,59447.1796875
2022-04-11,58964.5703125
2022-04-12,58576.37109375
2022-04-13,58338.9296875
2022-04-18,57166.73828125
2022-04-19,56463.1484375
2022-04-20,57037.5
2022-04-21,57911.6796875
2022-04-22,57197.1484375
2022-04-25,56579.890625
2022-04-26,57356.609375
2022-04-27,56819.390625
2022-04-28,57521.05859375
2022-04-29,57060.87109375
2022-05-02,56975.98828125
2022-05-04,55669.03125
2022-05-05,55702.23046875
2022-05-06,54835.578125
2022-05-09,54470.671875
2022-05-10,54364.8515625
2022-05-11,54088.390625
2022-05-12,52930.30859375
2022-05-13,52793.62109375
2022-05-16,52973.83984375
2022-05-17,54318.46875
2022-05-18,54208.53125
2022-05-19,52792.23046875
2022-05-20,54326.390625
2022-05-23,54288.609375
2022-05-24,54052.609375
2022-05-25,53749.26171875
2022-05-26,54252.53125
2022-05-27,54884.66015625
2022-05-30,55925.73828125
2022-05-31,55566.41015625
2022-06-01,55381.171875
2022-06-02,55818.109375
2022-06-03,55769.23046875
2022-06-06,55675.3203125
2022-06-07,55107.33984375
2022-06-08,54892.48828125
2022-06-09,55320.28125
2022-06-10,54303.44140625
2022-06-13,52846.69921875
2022-06-14,52693.5703125
2022-06-15,52541.390625
2022-06-16,51495.7890625
2022-06-17,51360.421875
2022-06-20,51597.83984375
2022-06-21,52532.0703125
2022-06-22,51822.53125
2022-06-23,52265.71875
2022-06-24,52727.98046875
2022-06-27,53161.28125
2022-06-28,53177.44921875
2022-06-29,53026.96875
2022-06-30,53018.94140625
2022-07-01,52907.9296875
2022-07-04,53234.76953125
2022-07-05,53134.3515625
2022-07-06,53750.96875
2022-07-07,54178.4609375
2022-07-08,54481.83984375
2022-07-11,54395.23046875
2022-07-12,53886.609375
2022-07-13,53514.1484375
2022-07-14,53416.1484375
2022-07-15,53760.78125
2022-07-18,54521.1484375
2022-07-19,54767.62109375
2022-07-20,55397.53125
2022-07-21,55681.94921875
2022-07-22,56072.23046875
2022-07-25,55766.21875
2022-07-26,55268.48828125
2022-07-27,55816.3203125
2022-07-28,56857.7890625
2022-07-29,57570.25
2022-08-01,58115.5
2022-08-02,58136.359375
2022-08-03,58350.53125
2022-08-04,58298.80078125
2022-08-05,58387.9296875
2022-08-08,58853.0703125
2022-08-10,58817.2890625
2022-08-11,59332.6015625
2022-08-12,59462.78125
2022-08-16,59842.2109375
2022-08-17,60260.12890625
2022-08-18,60298.0
2022-08-19,59646.1484375
2022-08-22,58773.87109375
2022-08-23,59031.30078125
2022-08-24,59085.4296875
2022-08-25,58774.71875
2022-08-26,58833.87109375
2022-08-29,57972.62109375
2022-08-30,59537.0703125
2022-09-01,58766.58984375
2022-09-02,58803.328125
2022-09-05,59245.98046875
2022-09-06,59196.98828125
2022-09-07,59028.91015625
2022-09-08,59688.21875
2022-09-09,59793.140625
2022-09-12,60115.12890625
2022-09-13,60571.078125
2022-09-14,60346.96875
2022-09-15,59934.01171875
2022-09-16,58840.7890625
2022-09-19,59141.23046875
2022-09-20,59719.73828125
2022-09-21,59456.78125
2022-09-22,59119.71875
2022-09-23,58098.921875
2022-09-26,57145.21875
2022-09-27,57107.51953125
2022-09-28,56598.28125
2022-09-29,56409.9609375
2022-09-30,57426.921875
2022-10-03,56788.80859375
2022-10-04,58065.46875
2022-10-06,58222.1015625
2022-10-07,58191.2890625
2022-10-10,57991.109375
2022-10-11,57147.3203125
2022-10-12,57625.91015625
2022-10-13,57235.328125
2022-10-14,57919.96875
2022-10-17,58410.98046875
2022-10-18,58960.6015625
2022-10-19,59107.19140625
2022-10-20,59202.8984375
2022-10-21,59307.1484375
2022-10-24,59831.66015625
2022-10-25,59543.9609375
2022-10-27,59756.83984375
2022-10-28,59959.8515625
2022-10-31,60746.58984375
2022-11-01,61121.3515625
2022-11-02,60906.08984375
2022-11-03,60836.41015625
2022-11-04,60950.359375
2022-11-07,61185.1484375
2022-11-09,61033.55078125
2022-11-10,60613.69921875
2022-11-11,61795.0390625
2022-11-14,61624.1484375
2022-11-15,61872.98828125
2022-11-16,61980.71875
2022-11-17,61750.6015625
2022-11-18,61663.48046875
2022-11-21,61144.83984375
2022-11-22,61418.9609375
2022-11-23,61510.578125
2022-11-24,62272.6796875
2022-11-25,62293.640625
2022-11-28,62504.80078125
2022-11-29,62681.83984375
2022-11-30,63099.6484375
